﻿designator,quantity,value,pack,mpn,mount_type
"C1, C12, C13, C2, C20, C21, C22, C23, C24, C29, C3, C30, C31, C4, C5, C7",16,1µ,C_0805_2012Metric,,smt
"C10, C17, C18",3,470µ,CP_Radial_Flat_D8.0mm_P3.50mm,,tht
"C101, C201",2,100µ,C_1210_3225Metric,,smt
"C102, C110, C117, C202, C210, C217",6,10µ,CP_EIA-3528-21_Kemet-B_Pad1.50x2.35mm_HandSolder,,smt
"C103, C112, C113, C115, C120, C122, C123, C124, C125, C126, C14, C15, C203, C212, C213, C215, C220, C222, C223, C224, C225, C226, C26, C9",24,100n,C_0805_2012Metric,,smt
"C104, C111, C114, C116, C121, C128, C204, C211, C214, C216, C221, C228, C27",13,1n,C_0805_2012Metric,,smt
"C105, C205",2,470n,C_1206_3216Metric,,smt
"C106, C107, C206, C207",4,1p,C_0805_2012Metric,,smt
"C108, C109, C208, C209",4,82p,C_0805_2012Metric,,smt
"C11, C16, C19, C6",4,470µ,CP_Radial_FlatB_D8.0mm_P3.50mm,,tht
"C118, C119, C218, C219",4,15p,C_0805_2012Metric,,smt
"C127, C227, C25, C28, C8",5,10µ,C_0805_2012Metric,,smt
"D1, D2",2,LED,LED_0805_2012Metric_Pad1.15x1.40mm_HandSolder,,smt
"H1, H2, H3, H4",4,MountingHole,MountingHole_3.2mm_M3,,tht
J1,1,Conn_01x01_Shielded,SMA_Amphenol_901-144_Vertical,,tht
J2,1,Conn_01x08_Socket,PinHeader_1x08_P2.54mm_Vertical,,tht
"J201, J201",2,DOSIN-801-0050,BNC_Right_Angle-DOSIN-801-0050,,tht
J3,1,GPIFII_J6,PinHeader_2x20_P2.54mm_Vertical,,tht
J4,1,GPIFII_J7,PinHeader_2x20_P2.54mm_Vertical,,tht
"L1, L2",2,100µ,L_Bourns-SRU8043,,smt
Q1,1,FZT690B,SOT-223-3_TabPin2,,smt
"Q101, Q102, Q201, Q202",4,CMPT5179,SOT-23-3,,smt
Q2,1,FZT790A,SOT-223-3_TabPin2,,smt
"R1, R123, R126, R223, R226",5,10k,R_0805_2012Metric,,smt
"R101, R102, R107, R201, R202, R207",6,75,R_0805_2012Metric,,smt
"R103, R203",2,150,R_0805_2012Metric,,smt
"R104, R105, R111, R118, R204, R205, R211, R218, R4, R5",10,1k,R_0805_2012Metric,,smt
"R106, R108, R206, R208",4,39,R_0805_2012Metric,,smt
"R109, R110, R209, R210",4,499,R_0805_2012Metric,,smt
"R112, R117, R212, R217",4,2k49,R_0805_2012Metric,,smt
"R113, R116, R124, R213, R216, R224",6,4k99,R_0805_2012Metric,,smt
"R114, R115, R214, R215",4,6k49,R_0805_2012Metric,,smt
"R119, R120, R219, R220",4,40,R_0805_2012Metric,,smt
"R121, R122, R221, R222",4,22,R_0805_2012Metric,,smt
"R125, R127, R225, R228",4,3k3,R_0805_2012Metric,,smt
"R2, R3",2,100,R_0805_2012Metric,,smt
"RV101, RV201",2,10k,Potentiometer_Bourns_3266W_Vertical,,tht
SW1,1,SW_Push,SW_SPST_EVQP0,,smt
"SW101, SW201",2,SW_DIP_x04,SW_DIP_SPSTx04_Slide_6.7x11.72mm_W8.61mm_P2.54mm_LowProfile,,smt
"SW102, SW103, SW104, SW202, SW203, SW204",6,SW_DIP_x03,SW_DIP_SPSTx03_Slide_6.7x9.18mm_W8.61mm_P2.54mm_LowProfile,,smt
"SW105, SW205",2,SW_DIP_x02,SW_DIP_SPSTx02_Slide_6.7x6.64mm_W8.61mm_P2.54mm_LowProfile,,smt
SW2,1,SW_DIP_x01,SW_DIP_SPSTx01_Slide_6.7x4.1mm_W8.61mm_P2.54mm_LowProfile,,smt
U1,1,4043,SO-16_3.9x9.9mm_P1.27mm,,smt
"U101, U201",2,AD8138ARZ,SO-8_3.9x4.9mm_P1.27mm,,smt
"U102, U202",2,AD9235,TSSOP-28_4.4x9.7mm_P0.65mm,,smt
"U2, U3, U4, U5",4,74VHC541,SOIC-20W_7.5x12.8mm_P1.27mm,,smt
U6,1,TPS60401,SOT-23-5,,smt
U7,1,ADP7156ARDZ,SOIC-8-1EP_3.9x4.9mm_P1.27mm_EP2.29x3mm,,smt
X1,1,40M,Oscillator_SMD_EuroQuartz_XO53-4Pin_5.0x3.2mm,,smt
