﻿Designator,Footprint,Quantity,Value,LCSC Part #
"C1, C12, C13, C2, C20, C21, C22, C23, C24, C29, C3, C30, C31, C4, C5, C7",0805,16,1µ,
"C10, C17, C18",CP_Radial_Flat_D8.0mm_P3.50mm,3,470µ,
"C101, C201",1210,2,100µ,
"C102, C110, C117, C202, C210, C217",CP_EIA-3528-21_Kemet-B_Pad1.50x2.35mm_HandSolder,6,10µ,
"C103, C112, C113, C115, C120, C122, C123, C124, C125, C126, C14, C15, C203, C212, C213, C215, C220, C222, C223, C224, C225, C226, C26, C9",0805,24,100n,
"C104, C111, C114, C116, C121, C128, C204, C211, C214, C216, C221, C228, C27",0805,13,1n,
"C105, C205",1206,2,470n,
"C106, C107, C206, C207",0805,4,1p,DNP
"C108, C109, C208, C209",0805,4,82p,
"C11, C16, C19, C6",CP_Radial_FlatB_D8.0mm_P3.50mm,4,470µ,
"C118, C119, C218, C219",0805,4,15p,
"C127, C227, C25, C28, C8",0805,5,10µ,
"D1, D2",0805,2,LED,
"H1, H2, H3, H4",MountingHole_3.2mm_M3,4,MountingHole,
J1,SMA_Amphenol_901-144_Vertical,1,Conn_01x01_Shielded,
J101,BNC Socket,1,BNC_Rosenberger,
J2,PinHeader_1x08_P2.54mm_Vertical,1,Conn_01x08_Socket,
J201,BNC Socket,1,BNC_Right_Angle,
J3,PinHeader_2x20_P2.54mm_Vertical,1,GPIFII_J6,
J4,PinHeader_2x20_P2.54mm_Vertical,1,GPIFII_J7,
"L1, L2",L_Bourns-SRU8043,2,100µ,
Q1,SOT-223-3_TabPin2,1,FZT690B,
"Q101, Q102, Q201, Q202",SOT-23-3,4,CMPT5179,
Q2,SOT-223-3_TabPin2,1,FZT790A,
"R1, R123, R126, R223, R226",0805,5,10k,
"R101, R102, R107, R201, R202, R207",0805,6,75,
"R103, R203",0805,2,150,
"R104, R105, R111, R118, R204, R205, R211, R218, R4, R5",0805,10,1k,
"R106, R108, R206, R208",0805,4,39,
"R109, R110, R209, R210",0805,4,499,
"R112, R117, R212, R217",0805,4,2k49,
"R113, R116, R124, R213, R216, R224",0805,6,4k99,
"R114, R115, R214, R215",0805,4,6k49,
"R119, R120, R219, R220",0805,4,40,
"R121, R122, R221, R222",0805,4,22,
"R125, R127, R225, R228",0805,4,3k3,
"R2, R3",0805,2,100,
"RV101, RV201",Potentiometer_Bourns_3266W_Vertical,2,10k,
SW1,SW_SPST_EVQP0,1,SW_Push,
"SW101, SW201",SW_DIP_SPSTx04_Slide_6.7x11.72mm_W8.61mm_P2.54mm_LowProfile,2,SW_DIP_x04,
"SW102, SW103, SW104, SW202, SW203, SW204",SW_DIP_SPSTx03_Slide_6.7x9.18mm_W8.61mm_P2.54mm_LowProfile,6,SW_DIP_x03,
"SW105, SW205",SW_DIP_SPSTx02_Slide_6.7x6.64mm_W8.61mm_P2.54mm_LowProfile,2,SW_DIP_x02,
SW2,SW_DIP_SPSTx01_Slide_6.7x4.1mm_W8.61mm_P2.54mm_LowProfile,1,SW_DIP_x01,
U1,SO-16_3.9x9.9mm_P1.27mm,1,4043,
"U101, U201",SO-8_3.9x4.9mm_P1.27mm,2,AD8138ARZ,
"U102, U202",TSSOP-28_4.4x9.7mm_P0.65mm,2,AD9235,
"U2, U3, U4, U5",SOIC-20W_7.5x12.8mm_P1.27mm,4,74VHC541,
U6,SOT-23-5,1,TPS60401,
U7,SOIC-8-1EP_3.9x4.9mm_P1.27mm_EP2.29x3mm,1,ADP7156ARDZ,
X1,Oscillator_SMD_EuroQuartz_XO53-4Pin_5.0x3.2mm,1,40M,
